<schema-types>

<!--
  Licensed to the Apache Software Foundation (ASF) under one
  or more contributor license agreements.  See the NOTICE file
  distributed with this work for additional information
  regarding copyright ownership.  The ASF licenses this file
  to you under the Apache License, Version 2.0 (the
  "License"); you may not use this file except in compliance
  with the License.  You may obtain a copy of the License at
  
    http://www.apache.org/licenses/LICENSE-2.0
  
  Unless required by applicable law or agreed to in writing,
  software distributed under the License is distributed on an
  "AS IS" BASIS, WITHOUT WARRANTIES OR CONDITIONS OF ANY
  KIND, either express or implied.  See the License for the
  specific language governing permissions and limitations
  under the License.
-->

<!-- "unmap": cast to convert from Variant to native type constructor,
     "map":   cast to convert from native type to Variant constructor parameter
-->

<type name="objId"     base="REF"       cpp="::qpid::management::ObjectId"  
      encode="{std::string _s; #.encode(_s); @.putRawData(_s);}"
      decode="{std::string _s; @.getRawData(_s, #.encodedSize()); #.decode(_s);}"
      stream="#.getV2Key()" size="16" accessor="direct" init="::qpid::management::ObjectId()" byRef="y"/>
<type name="uint8"     base="U8"        cpp="uint8_t"       encode="@.putOctet(#)"       decode="# = @.getOctet()"     stream="#" size="1" accessor="direct" init="0"/>
<type name="uint16"    base="U16"       cpp="uint16_t"      encode="@.putShort(#)"       decode="# = @.getShort()"     stream="#" size="2" accessor="direct" init="0"/>
<type name="uint32"    base="U32"       cpp="uint32_t"      encode="@.putLong(#)"        decode="# = @.getLong()"      stream="#" size="4" accessor="direct" init="0"/>
<type name="uint64"    base="U64"       cpp="uint64_t"      encode="@.putLongLong(#)"    decode="# = @.getLongLong()"  stream="#" size="8" accessor="direct" init="0"/>
<type name="int8"      base="S8"        cpp="int8_t"        encode="@.putInt8(#)"        decode="# = @.getInt8()"      stream="#" size="1" accessor="direct" init="0"/>
<type name="int16"     base="S16"       cpp="int16_t"       encode="@.putInt16(#)"       decode="# = @.getInt16()"     stream="#" size="2" accessor="direct" init="0"/>
<type name="int32"     base="S32"       cpp="int32_t"       encode="@.putInt32(#)"       decode="# = @.getInt32()"     stream="#" size="4" accessor="direct" init="0"/>
<type name="int64"     base="S64"       cpp="int64_t"       encode="@.putInt64(#)"       decode="# = @.getInt64()"     stream="#" size="8" accessor="direct" init="0"/>
<type name="bool"      base="BOOL"      cpp="bool"       encode="@.putOctet(#?1:0)"   decode="# = @.getOctet()==1"  stream="#" size="1" accessor="direct" init="0"/>
<type name="sstr"      base="SSTR"      cpp="std::string"   encode="@.putShortString(#)" decode="@.getShortString(#)"  stream="#" size="(1 + #.length())" accessor="direct" init='""' byRef="y" unmap="(#).getString()"/>
<type name="lstr"      base="LSTR"      cpp="std::string"   encode="@.putMediumString(#)" decode="@.getMediumString(#)" stream="#" size="(2 + #.length())" accessor="direct" init='""' byRef="y" unmap="(#).getString()"/>
<type name="absTime"   base="ABSTIME"   cpp="int64_t"       encode="@.putLongLong(#)"    decode="# = @.getLongLong()"  stream="#" size="8" accessor="direct" init="0"/>
<type name="deltaTime" base="DELTATIME" cpp="uint64_t"      encode="@.putLongLong(#)"    decode="# = @.getLongLong()"  stream="#" size="8" accessor="direct" init="0"/>
<type name="float"     base="FLOAT"     cpp="float"         encode="@.putFloat(#)"       decode="# = @.getFloat()"     stream="#" size="4" accessor="direct" init="0."/>
<type name="double"    base="DOUBLE"    cpp="double"        encode="@.putDouble(#)"      decode="# = @.getDouble()"    stream="#" size="8" accessor="direct" init="0."/>
<type name="uuid"      base="UUID"      cpp="::qpid::types::Uuid"
      encode="@.putRawData(#.data(), 16)"
      decode="{ unsigned char d[16]; @.getRawData(d, 16); # = ::qpid::types::Uuid(d); }"
      stream="#" size="16" accessor="direct" init="::qpid::types::Uuid()" byRef="y"
      unmap="(#).asUuid().data()"
      map="::qpid::types::Uuid((#).data())" />
<type name="map"       base="FTABLE"    cpp="::qpid::types::Variant::Map" 
      encode="@.putMap(#)"
      decode="@.getMap(#)"
      size="::qpid::amqp_0_10::MapCodec::encodedSize(#)"
      stream="#" accessor="direct" init="::qpid::types::Variant::Map()" byRef="y" unmap="(#).asMap()"/>
<type name="list"      base="LIST"      cpp="::qpid::types::Variant::List" 
      encode="@.putList(#)"
      decode="@.getList(#)"
      size="::qpid::amqp_0_10::ListCodec::encodedSize(#)"
      stream="#" accessor="direct" init="::qpid::types::Variant::List()" byRef="y" unmap="(#).asList()"/>

<type name="hilo8"   base="U8"   cpp="uint8_t"  encode="@.putOctet(#)"    decode="# = @.getOctet()"    style="wm" stream="#" size="1" accessor="counter" init="0"/>
<type name="hilo16"  base="U16"  cpp="uint16_t" encode="@.putShort(#)"    decode="# = @.getShort()"    style="wm" stream="#" size="2" accessor="counter" init="0"/>
<type name="hilo32"  base="U32"  cpp="uint32_t" encode="@.putLong(#)"     decode="# = @.getLong()"     style="wm" stream="#" size="4" accessor="counter" init="0"/>
<type name="hilo64"  base="U64"  cpp="uint64_t" encode="@.putLongLong(#)" decode="# = @.getLongLong()" style="wm" stream="#" size="8" accessor="counter" init="0"/>

<type name="count8"  base="U8"   cpp="uint8_t"  encode="@.putOctet(#)"    decode="# = @.getOctet()"    stream="#" size="1" accessor="counter" init="0" perThread="y"/>
<type name="count16" base="U16"  cpp="uint16_t" encode="@.putShort(#)"    decode="# = @.getShort()"    stream="#" size="2" accessor="counter" init="0" perThread="y"/>
<type name="count32" base="U32"  cpp="uint32_t" encode="@.putLong(#)"     decode="# = @.getLong()"     stream="#" size="4" accessor="counter" init="0" perThread="y"/>
<type name="count64" base="U64"  cpp="uint64_t" encode="@.putLongLong(#)" decode="# = @.getLongLong()" stream="#" size="8" accessor="counter" init="0" perThread="y"/>

<!-- Min/Max/Average statistics -->
<type name="mma32"   base="U32"       cpp="uint32_t" encode="@.putLong(#)"     decode="# = @.getLong()"     style="mma" stream="#" size="4" accessor="direct" init="0" perThread="y"/>
<type name="mma64"   base="U64"       cpp="uint64_t" encode="@.putLongLong(#)" decode="# = @.getLongLong()" style="mma" stream="#" size="8" accessor="direct" init="0" perThread="y"/>
<type name="mmaTime" base="DELTATIME" cpp="uint64_t" encode="@.putLongLong(#)" decode="# = @.getLongLong()" style="mma" stream="#" size="8" accessor="direct" init="0" perThread="y"/>

</schema-types>
